{
    "n_estimators": 482,
    "max_depth": 5,
    "learning_rate": 0.027902275092509518,
    "subsample": 0.952398204357227,
    "colsample_bytree": 0.8209153349772499,
    "reg_alpha": 0.8231478738088704,
    "reg_lambda": 0.6784599195077066,
    "min_child_weight": 3
}